{
	"format_version": "1.17.0",
	"animation_controllers": {
		"controller.animation.player.command": {
			"states": {
				"default": {
					"transitions": [
						{
							"command": "query.skin_id == 1"
						}
					],
					"on_entry": [
						"/function other_blocks"
					]
				},
				"command": {
					"transitions": [
						{
							"default": "query.skin_id != 1"
						}
					],
					"on_entry": [
						"/execute @s ~ ~ ~ kill @e[type=item,r=6.5,c=3]",
						"/function other_items"
					]
				}
			}
		}
	}
}