{
	"pools": [
		{
			"rolls": 2,
			"entries": [
				{
					"type": "item",
					"name": "minecraft:iron_ingot",
					"weight": 420,
					"functions": [
						{
							"function": "set_count",
							"count": 4
						}
					]
				},
				{
					"type": "item",
					"name": "minecraft:arrow",
					"weight": 450,
					"functions": [
						{
							"function": "set_count",
							"count": {
								"min": 0,
								"max": 10
							}
						}
					]
				},
				{
					"type": "item",
					"name": "minecraft:gold_block",
					"weight": 200,
					"functions": [
						{
							"function": "set_count",
							"count": {
								"min": 0,
								"max": 2
							}
						}
					]
				},
				{
					"type": "item",
					"name": "minecraft:tnt",
					"weight": 425,
					"functions": [
						{
							"function": "set_count",
							"count": {
								"min": 4,
								"max": 10
							}
						}
					]
				},
				{
					"type": "item",
					"name": "minecraft:bread",
					"weight": 625,
					"functions": [
						{
							"function": "set_count",
							"count": {
								"min": 12,
								"max": 18
							}
						}
					]
				},
				{
					"type": "item",
					"name": "minecraft:golden_apple",
					"weight": 325,
					"functions": [
						{
							"function": "set_count",
							"count": {
								"min": 0,
								"max": 2
							}
						}
					]
				},
				{
					"type": "item",
					"name": "minecraft:ender_pearl",
					"weight": 105,
					"functions": [
						{
							"function": "set_count",
							"count": {
								"min": 0,
								"max": 2
							}
						}
					]
				},
				{
					"type": "item",
					"name": "minecraft:obsidian",
					"weight": 225,
					"functions": [
						{
							"function": "set_count",
							"count": 6
						}
					]
				},
				{
					"type": "item",
					"name": "minecraft:experience_bottle",
					"weight": 630,
					"functions": [
						{
							"function": "set_count",
							"count": {
								"min": 8,
								"max": 16
							}
						}
					]
				},
				{
					"type": "item",
					"name": "minecraft:diamond_ore",
					"weight": 80,
					"functions": [
						{
							"function": "set_count",
							"count": {
								"min": 0,
								"max": 1
							}
						}
					]
				},
				{
					"type": "item",
					"name": "minecraft:iron_sword",
					"weight": 320,
					"functions": [
						{
							"function": "enchant_with_levels",
							"levels": {
								"min": 10,
								"max": 20
							}
						}
					]
				},
				{
					"type": "item",
					"name": "minecraft:iron_pickaxe",
					"weight": 320,
					"functions": [
						{
							"function": "enchant_with_levels",
							"levels": {
								"min": 10,
								"max": 22
							}
						}
					]
				},
				{
					"type": "item",
					"name": "minecraft:iron_axe",
					"weight": 320,
					"functions": [
						{
							"function": "enchant_with_levels",
							"levels": {
								"min": 12,
								"max": 22
							}
						}
					]
				},
				{
					"type": "item",
					"name": "minecraft:book",
					"weight": 375,
					"functions": [
						{
							"function": "set_count",
							"count": {
								"min": 1,
								"max": 3
							}
						},
						{
							"function": "enchant_book_for_trading"
						}
					]
				},
				{
					"type": "item",
					"name": "minecraft:iron_helmet",
					"weight": 320,
					"functions": [
						{
							"function": "enchant_with_levels",
							"levels": {
								"min": 14,
								"max": 24
							}
						}
					]
				},
                {
					"type": "item",
					"name": "minecraft:golden_helmet",
					"weight": 280,
					"functions": [
						{
							"function": "enchant_with_levels",
							"levels": {
								"min": 14,
								"max": 18
							}
						}
					]
				},
				{
					"type": "item",
					"name": "minecraft:iron_chestplate",
					"weight": 320,
					"functions": [
						{
							"function": "enchant_with_levels",
							"levels": {
								"min": 14,
								"max": 18
							}
						}
					]
				},
				{
					"type": "item",
					"name": "minecraft:iron_leggings",
					"weight": 320,
					"functions": [
						{
							"function": "enchant_with_levels",
							"levels": {
								"min": 14,
								"max": 18
							}
						}
					]
				},
				{
					"type": "item",
					"name": "minecraft:iron_boots",
					"weight": 320,
					"functions": [
						{
							"function": "enchant_with_levels",
							"levels": {
								"min": 14,
								"max": 18
							}
						}
					]
				},
                {
					"type": "item",
					"name": "minecraft:golden_boots",
					"weight": 300,
					"functions": [
						{
							"function": "enchant_with_levels",
							"levels": {
								"min": 14,
								"max": 20
							}
						}
					]
				},
				{
					"type": "item",
					"name": "minecraft:fireworks",
					"weight": 305,
					"functions": [
						{
							"function": "set_count",
							"count": {
								"min": 9,
								"max": 14
							}
						}
					]
				},
				{
					"type": "item",
					"name": "minecraft:bow",
					"weight": 235,
					"functions": [
						{
							"function": "enchant_with_levels",
							"levels": {
								"min": 14,
								"max": 22
							}
						}
					]
				},
				{
					"type": "item",
					"name": "minecraft:potion",
					"weight": 375,
					"functions": [
						{
							"function": "set_data",
							"data": {
								"min": 0,
								"max": 18
							}
						},
						{
							"function": "set_count",
							"count": 2
						}
					]
				},
				{
					"type": "item",
					"name": "minecraft:golden_carrot",
					"weight": 475,
					"functions": [
						{
							"function": "set_count",
							"count": {
								"min": 4,
								"max": 6
							}
						}
					]
				},
				{
					"type": "item",
					"name": "minecraft:gold_ingot",
					"weight": 350,
					"functions": [
						{
							"function": "set_count",
							"count": {
								"min": 2,
								"max": 3
							}
						}
					]
				},
				{
					"type": "item",
					"name": "minecraft:splash_potion",
					"weight": 375,
					"functions": [
						{
							"function": "set_data",
							"data": {
								"min": 0,
								"max": 16
							}
						},
						{
							"function": "set_count",
							"count": 1
						}
					]
				}
			]
		}
	]
}