{
	"pools": [
		{
			"rolls": 3,
			"entries": [
				{
					"type": "item",
					"name": "minecraft:arrow",
					"weight": 400,
					"functions": [
						{
							"function": "set_count",
							"count": {
								"min": 4,
								"max": 21
							}
						}
					]
				},
				{
					"type": "item",
					"name": "minecraft:gold_block",
					"weight": 420,
					"functions": [
						{
							"function": "set_count",
							"count": 1
						}
					]
				},
				{
					"type": "item",
					"name": "minecraft:tnt",
					"weight": 425,
					"functions": [
						{
							"function": "set_count",
							"count": {
								"min": 3,
								"max": 15
							}
						}
					]
				},
                {
					"type": "item",
					"name": "minecraft:melon_slice",
					"weight": 575,
					"functions": [
						{
							"function": "set_count",
							"count": {
								"min": 3,
								"max": 12
							}
						}
					]
				},
                {
					"type": "item",
					"name": "minecraft:magma_cream",
					"weight": 575,
					"functions": [
						{
							"function": "set_count",
							"count": {
								"min": 3,
								"max": 12
							}
						}
					]
				},
                {
					"type": "item",
					"name": "minecraft:iron_horse_armour",
					"weight": 575,
					"functions": [
						{
							"function": "set_count",
							"count": {
								"min": 0,
								"max": 1
							}
						}
					]
				},
				{
					"type": "item",
					"name": "minecraft:golden_apple",
					"weight": 325,
					"functions": [
						{
							"function": "set_count",
							"count": {
								"min": 0,
								"max": 2
							}
						}
					]
				},
				{
					"type": "item",
					"name": "minecraft:anvil",
					"weight": 330,
					"functions": [
						{
							"function": "set_count",
							"count": {
								"min": 0,
								"max": 3
							}
						}
					]
				},
				{
					"type": "item",
					"name": "minecraft:experience_bottle",
					"weight": 630,
					"functions": [
						{
							"function": "set_count",
							"count": {
								"min": 8,
								"max": 14
							}
						}
					]
				},
				{
					"type": "item",
					"name": "minecraft:diamond_ore",
					"weight": 180,
					"functions": [
						{
							"function": "set_count",
							"count": {
								"min": 0,
								"max": 1
							}
						}
					]
				},
				{
					"type": "item",
					"name": "minecraft:iron_sword",
					"weight": 300,
					"functions": [
						{
							"function": "enchant_with_levels",
							"levels": {
								"min": 12,
								"max": 38
							}
						}
					]
				},
                {
					"type": "item",
					"name": "minecraft:golden_axe",
					"weight": 300,
					"functions": [
						{
							"function": "enchant_with_levels",
							"levels": {
								"min": 14,
								"max": 42
							}
						}
					]
				},
				{
					"type": "item",
					"name": "minecraft:iron_pickaxe",
					"weight": 300,
					"functions": [
						{
							"function": "enchant_with_levels",
							"levels": {
								"min": 16,
								"max": 38
							}
						}
					]
				},
				{
					"type": "item",
					"name": "minecraft:iron_axe",
					"weight": 300,
					"functions": [
						{
							"function": "enchant_with_levels",
							"levels": {
								"min": 14,
								"max": 32
							}
						}
					]
				},
				{
					"type": "item",
					"name": "minecraft:golden_shovel",
					"weight": 300,
					"functions": [
						{
							"function": "enchant_with_levels",
							"levels": {
								"min": 18,
								"max": 35
							}
						}
					]
				},
				{
					"type": "item",
					"name": "minecraft:wooden_hoe",
					"weight": 300,
					"functions": [
						{
							"function": "enchant_with_levels",
							"levels": {
								"min": 30,
								"max": 90
							}
						}
					]
				},
				{
					"type": "item",
					"name": "minecraft:book",
					"weight": 375,
					"functions": [
						{
							"function": "set_count",
							"count": {
								"min": 0,
								"max": 1
							}
						},
						{
							"function": "enchant_book_for_trading"
						}
					]
				},
				{
					"type": "item",
					"name": "minecraft:iron_helmet",
					"weight": 300,
					"functions": [
						{
							"function": "enchant_with_levels",
							"levels": {
								"min": 12,
								"max": 34
							}
						}
					]
				},
				{
					"type": "item",
					"name": "minecraft:iron_chestplate",
					"weight": 300,
					"functions": [
						{
							"function": "enchant_with_levels",
							"levels": {
								"min": 18,
								"max": 36
							}
						}
					]
				},
				{
					"type": "item",
					"name": "minecraft:golden_leggings",
					"weight": 300,
					"functions": [
						{
							"function": "enchant_with_levels",
							"levels": {
								"min": 17,
								"max": 35
							}
						}
					]
				},
				{
					"type": "item",
					"name": "minecraft:iron_boots",
					"weight": 300,
					"functions": [
						{
							"function": "enchant_with_levels",
							"levels": {
								"min": 19,
								"max": 40
							}
						}
					]
				},
				{
					"type": "item",
					"name": "minecraft:fireworks",
					"weight": 295,
					"functions": [
						{
							"function": "set_count",
							"count": {
								"min": 12,
								"max": 28
							}
						}
					]
				},
				{
					"type": "item",
					"name": "minecraft:bow",
					"weight": 235,
					"functions": [
						{
							"function": "enchant_with_levels",
							"levels": {
								"min": 12,
								"max": 29
							}
						}
					]
				},
				{
					"type": "item",
					"name": "minecraft:potion",
					"weight": 375,
					"functions": [
						{
							"function": "set_data",
							"data": {
								"min": 0,
								"max": 19
							}
						},
						{
							"function": "set_count",
							"count": 2
						}
					]
				},
				{
					"type": "item",
					"name": "minecraft:golden_carrot",
					"weight": 475,
					"functions": [
						{
							"function": "set_count",
							"count": {
								"min": 2,
								"max": 19
							}
						}
					]
				},
				{
					"type": "item",
					"name": "minecraft:splash_potion",
					"weight": 375,
					"functions": [
						{
							"function": "set_data",
							"data": {
								"min": 0,
								"max": 17
							}
						},
						{
							"function": "set_count",
							"count": 1
						}
					]
				}
			]
		}
	]
}