{
	"pools": [
		{
			"rolls": 3,
			"entries": [
				{
					"type": "item",
					"name": "minecraft:netherite_scrap",
					"weight": 350,
					"functions": [
						{
							"function": "set_count",
							"count": {
								"min": 2,
								"max": 4
							}
						}
					]
				},
                {
					"type": "item",
					"name": "minecraft:enchanted_golden_apple",
					"weight": 305,
					"functions": [
						{
							"function": "set_count",
							"count": 10
						}
					]
				},
				{
					"type": "item",
					"name": "minecraft:diamond_block",
					"weight": 65,
					"functions": [
						{
							"function": "set_count",
							"count": 4
						}
					]
				},
				{
					"type": "item",
					"name": "minecraft:netherite_ingot",
					"weight": 305,
					"functions": [
						{
							"function": "set_count",
							"count": 3
						}
					]
				},
				{
					"type": "item",
					"weight": 230,
					"name": "minecraft:totem",
					"functions": [
						{
							"function": "set_count",
							"count": 2
						}
					]
				},
				{
					"type": "item",
					"name": "minecraft:diamond_ore",
					"weight": 80,
					"functions": [
						{
							"function": "set_count",
							"count": 10
						}
					]
				},
				{
					"type": "item",
					"name": "minecraft:netherite_sword",
					"weight": 440,
					"functions": [
						{
							"function": "enchant_with_levels",
							"levels": {
								"min": 50,
								"max": 100
							}
						}
					]
				},
				{
					"type": "item",
					"name": "minecraft:netherite_pickaxe",
					"weight": 440,
					"functions": [
						{
							"function": "enchant_with_levels",
							"levels": {
								"min": 50,
								"max": 100
							}
						}
					]
				},
				{
					"type": "item",
					"name": "minecraft:netherite_axe",
					"weight": 440,
					"functions": [
						{
							"function": "enchant_with_levels",
							"levels": {
								"min": 50,
								"max": 90
							}
						}
					]
				},
				{
					"type": "item",
					"name": "minecraft:elytra",
					"weight": 295,
					"functions": [
						{
							"function": "set_count",
							"count": 3
						}
					]
				},
				{
					"type": "item",
					"name": "minecraft:netherite_helmet",
					"weight": 440,
					"functions": [
						{
							"function": "enchant_with_levels",
							"levels": {
								"min": 50,
								"max": 90
							}
						}
					]
				},
				{
					"type": "item",
					"name": "minecraft:netherite_chestplate",
					"weight": 440,
					"functions": [
						{
							"function": "enchant_with_levels",
							"levels": {
								"min": 50,
								"max": 100
							}
						}
					]
				},
				{
					"type": "item",
					"name": "minecraft:netherite_leggings",
					"weight": 440,
					"functions": [
						{
							"function": "enchant_with_levels",
							"levels": {
								"min": 30,
								"max": 90
							}
						}
					]
				},
				{
					"type": "item",
					"name": "minecraft:netherite_boots",
					"weight": 440,
					"functions": [
						{
							"function": "enchant_with_levels",
							"levels": {
								"min": 40,
								"max": 90
							}
						}
					]
				},
				{
					"type": "item",
					"name": "minecraft:fireworks",
					"weight": 295,
					"functions": [
						{
							"function": "set_count",
							"count": {
								"min": 28,
								"max": 64
							}
						}
					]
				},
				{
					"type": "item",
					"name": "minecraft:bow",
					"weight": 345,
					"functions": [
						{
							"function": "enchant_with_levels",
							"levels": {
								"min": 40,
								"max": 90
							}
						}
					]
				},
				{
					"type": "item",
					"name": "minecraft:crossbow",
					"weight": 345,
					"functions": [
						{
							"function": "enchant_with_levels",
							"levels": {
								"min": 40,
								"max": 90
							}
						}
					]
				},
				{
					"type": "item",
					"name": "minecraft:trident",
					"weight": 345,
					"functions": [
						{
							"function": "enchant_with_levels",
							"levels": {
								"min": 40,
								"max": 90
							}
						}
					]
				},
				{
					"type": "item",
					"name": "minecraft:netherite_block",
					"weight": 100,
					"functions": [
						{
							"function": "set_count",
							"count": 4
						}
					]
				},
				{
					"type": "item",
					"name": "minecraft:potion",
					"weight": 375,
					"functions": [
						{
							"function": "set_data",
							"data": {
								"min": 0,
								"max": 41
							}
						},
						{
							"function": "set_count",
							"count": 3
						}
					]
				},
				{
					"type": "item",
					"name": "minecraft:ender_eye",
					"weight": 475,
					"functions": [
						{
							"function": "set_count",
							"count": 8
						}
					]
				},
				{
					"type": "item",
					"name": "minecraft:splash_potion",
					"weight": 375,
					"functions": [
						{
							"function": "set_data",
							"data": {
								"min": 31,
								"max": 51
							}
						},
						{
							"function": "set_count",
							"count": 3
						}
					]
				}
			]
		}
	]
}