{
	"pools": [
		{
			"rolls": 2,
			"entries": [
				{
					"type": "item",
					"name": "minecraft:diamond",
					"weight": 50,
					"functions": [
						{
							"function": "set_count",
							"count": {
								"min": 1,
								"max": 2
							}
						}
					]
				},
				{
					"type": "item",
					"name": "minecraft:arrow",
					"weight": 120,
					"functions": [
						{
							"function": "set_count",
							"count": {
								"min": 12,
								"max": 22
							}
						}
					]
				},
				{
					"type": "item",
					"name": "minecraft:golden_apple",
					"weight": 425,
					"functions": [
						{
							"function": "set_count",
							"count": {
								"min": 4,
								"max": 6
							}
						}
					]
				},
                {
					"type": "item",
					"name": "minecraft:enchanted_golden_apple",
					"weight": 325,
					"functions": [
						{
							"function": "set_count",
							"count": {
								"min": 0,
								"max": 3
							}
						}
					]
				},
				{
					"type": "item",
					"name": "minecraft:diamond_block",
					"weight": 265,
					"functions": [
						{
							"function": "set_count",
							"count": 2
						}
					]
				},
				{
					"type": "item",
					"name": "minecraft:netherite_ingot",
					"weight": 105,
					"functions": [
						{
							"function": "set_count",
							"count": 1
						}
					]
				},
				{
					"type": "item",
					"weight": 480,
					"name": "minecraft:totem",
					"functions": [
						{
							"function": "set_count",
							"count": 1
						}
					]
				},
				{
					"type": "item",
					"name": "minecraft:emerald_ore",
					"weight": 320,
					"functions": [
						{
							"function": "set_count",
							"count": 3
						}
					]
				},
				{
					"type": "item",
					"name": "minecraft:diamond_sword",
					"weight": 420,
					"functions": [
						{
							"function": "enchant_with_levels",
							"levels": {
								"min": 40,
								"max": 100
							}
						}
					]
				},
				{
					"type": "item",
					"name": "minecraft:diamond_pickaxe",
					"weight": 420,
					"functions": [
						{
							"function": "enchant_with_levels",
							"levels": {
								"min": 50,
								"max": 100
							}
						}
					]
				},
				{
					"type": "item",
					"name": "minecraft:diamond_axe",
					"weight": 360,
					"functions": [
						{
							"function": "enchant_with_levels",
							"levels": {
								"min": 40,
								"max": 90
							}
						}
					]
				},
                {
					"type": "item",
					"name": "minecraft:blaze_powder",
					"weight": 345,
					"functions": [
						{
							"function": "set_count",
							"count": {
								"min": 3,
								"max": 9
							}
						}
					]
				},
                {
					"type": "item",
					"name": "minecraft:skeleton_horse_spawn_egg",
					"weight": 205,
					"functions": [
						{
							"function": "set_count",
							"count": {
								"min": 3,
								"max": 9
							}
						}
					]
				},
				{
					"type": "item",
					"name": "minecraft:ender_eye",
					"weight": 475,
					"functions": [
						{
							"function": "set_count",
							"count": 4
						}
					]
				},
				{
					"type": "item",
					"name": "minecraft:book",
					"weight": 375,
					"functions": [
						{
							"function": "set_count",
							"count": {
								"min": 5,
								"max": 9
							}
						},
						{
							"function": "enchant_book_for_trading"
						}
					]
				},
				{
					"type": "item",
					"name": "minecraft:diamond_helmet",
					"weight": 420,
					"functions": [
						{
							"function": "enchant_with_levels",
							"levels": {
								"min": 40,
								"max": 90
							}
						}
					]
				},
				{
					"type": "item",
					"name": "minecraft:diamond_chestplate",
					"weight": 420,
					"functions": [
						{
							"function": "enchant_with_levels",
							"levels": {
								"min": 50,
								"max": 100
							}
						}
					]
				},
				{
					"type": "item",
					"name": "minecraft:diamond_leggings",
					"weight": 420,
					"functions": [
						{
							"function": "enchant_with_levels",
							"levels": {
								"min": 30,
								"max": 90
							}
						}
					]
				},
				{
					"type": "item",
					"name": "minecraft:diamond_boots",
					"weight": 420,
					"functions": [
						{
							"function": "enchant_with_levels",
							"levels": {
								"min": 40,
								"max": 90
							}
						}
					]
				},
				{
					"type": "item",
					"name": "minecraft:fireworks",
					"weight": 295,
					"functions": [
						{
							"function": "set_count",
							"count": {
								"min": 22,
								"max": 34
							}
						}
					]
				},
				{
					"type": "item",
					"name": "minecraft:crossbow",
					"weight": 375,
					"functions": [
						{
							"function": "enchant_with_levels",
							"levels": {
								"min": 40,
								"max": 90
							}
						}
					]
				},
				{
					"type": "item",
					"name": "minecraft:trident",
					"weight": 375,
					"functions": [
						{
							"function": "enchant_with_levels",
							"levels": {
								"min": 40,
								"max": 90
							}
						}
					]
				},
				{
					"type": "item",
					"name": "minecraft:potion",
					"weight": 375,
					"functions": [
						{
							"function": "set_data",
							"data": {
								"min": 31,
								"max": 41
							}
						},
						{
							"function": "set_count",
							"count": 3
						}
					]
				},
				{
					"type": "item",
					"name": "minecraft:golden_carrot",
					"weight": 475,
					"functions": [
						{
							"function": "set_count",
							"count": {
								"min": 8,
								"max": 22
							}
						}
					]
				},
				{
					"type": "item",
					"name": "minecraft:netherite_scrap",
					"weight": 350,
					"functions": [
						{
							"function": "set_count",
							"count": {
								"min": 2,
								"max": 4
							}
						}
					]
				},
				{
					"type": "item",
					"name": "minecraft:splash_potion",
					"weight": 375,
					"functions": [
						{
							"function": "set_data",
							"data": {
								"min": 0,
								"max": 41
							}
						},
						{
							"function": "set_count",
							"count": {
								"min": 1,
								"max": 3
							}
						}
					]
				}
			]
		}
	]
}