{
	"pools": [
		{
			"rolls": 2,
			"entries": [
				{
					"type": "item",
					"name": "minecraft:arrow",
					"weight": 400,
					"functions": [
						{
							"function": "set_count",
							"count": {
								"min": 12,
								"max": 23
							}
						}
					]
				},
				{
					"type": "item",
					"name": "minecraft:gold_block",
					"weight": 400,
					"functions": [
						{
							"function": "set_count",
							"count": {
								"min": 3,
								"max": 5
							}
						}
					]
				},
				{
					"type": "item",
					"name": "minecraft:tnt",
					"weight": 425,
					"functions": [
						{
							"function": "set_count",
							"count": {
								"min": 12,
								"max": 23
							}
						}
					]
				},
				{
					"type": "item",
					"name": "minecraft:diamond_horse_armour",
					"weight": 305,
					"functions": [
						{
							"function": "set_count",
							"count": {
								"min": 0,
								"max": 1
							}
						}
					]
				},
				{
					"type": "item",
					"name": "minecraft:golden_apple",
					"weight": 325,
					"functions": [
						{
							"function": "set_count",
							"count": {
								"min": 2,
								"max": 5
							}
						}
					]
				},
				{
					"type": "item",
					"weight": 220,
					"name": "minecraft:axolotl_bucket",
					"functions": [
						{
							"function": "set_count",
							"count": {
								"min": 2,
								"max": 4
							}
						}
					]
				},
                {
					"type": "item",
					"name": "minecraft:skeleton_horse_spawn_egg",
					"weight": 375,
					"functions": [
						{
							"function": "set_count",
							"count": 2
						}
					]
				},
				{
					"type": "item",
					"name": "minecraft:obsidian",
					"weight": 225,
					"functions": [
						{
							"function": "set_count",
							"count": 10
						}
					]
				},
				{
					"type": "item",
					"name": "minecraft:enchanting_table",
					"weight": 330,
					"functions": [
						{
							"function": "set_count",
							"count": {
								"min": 1,
								"max": 2
							}
						}
					]
				},
				{
					"type": "item",
					"name": "minecraft:experience_bottle",
					"weight": 630,
					"functions": [
						{
							"function": "set_count",
							"count": {
								"min": 15,
								"max": 25
							}
						}
					]
				},
				{
					"type": "item",
					"name": "minecraft:diamond_ore",
					"weight": 180,
					"functions": [
						{
							"function": "set_count",
							"count": {
								"min": 1,
								"max": 2
							}
						}
					]
				},
				{
					"type": "item",
					"name": "minecraft:iron_sword",
					"weight": 300,
					"functions": [
						{
							"function": "enchant_with_levels",
							"levels": {
								"min": 19,
								"max": 29
							}
						}
					]
				},
				{
					"type": "item",
					"name": "minecraft:diamond_pickaxe",
					"weight": 260,
					"functions": [
						{
							"function": "enchant_with_levels",
							"levels": {
								"min": 12,
								"max": 23
							}
						}
					]
				},
				{
					"type": "item",
					"name": "minecraft:iron_axe",
					"weight": 300,
					"functions": [
						{
							"function": "enchant_with_levels",
							"levels": {
								"min": 12,
								"max": 23
							}
						}
					]
				},
				{
					"type": "item",
					"name": "minecraft:netherite_shovel",
					"weight": 300,
					"functions": [
						{
							"function": "enchant_with_levels",
							"levels": {
								"min": 12,
								"max": 23
							}
						}
					]
				},
				{
					"type": "item",
					"name": "minecraft:water_bucket",
					"weight": 320,
					"functions": [
						{
							"function": "enchant_with_levels",
							"count": 1
						}
					]
				},
				{
					"type": "item",
					"name": "minecraft:book",
					"weight": 375,
					"functions": [
						{
							"function": "set_count",
							"count": {
								"min": 6,
								"max": 10
							}
						},
						{
							"function": "enchant_book_for_trading"
						}
					]
				},
				{
					"type": "item",
					"name": "minecraft:bookshelf",
					"weight": 375,
					"functions": [
						{
							"function": "set_count",
							"count": 6
						}
					]
				},
				{
					"type": "item",
					"name": "minecraft:golden_helmet",
					"weight": 300,
					"functions": [
						{
							"function": "enchant_with_levels",
							"levels": {
								"min": 20,
								"max": 40
							}
						}
					]
				},
				{
					"type": "item",
					"name": "minecraft:diamond_chestplate",
					"weight": 220,
					"functions": [
						{
							"function": "enchant_with_levels",
							"levels": {
								"min": 20,
								"max": 50
							}
						}
					]
				},
				{
					"type": "item",
					"name": "minecraft:golden_leggings",
					"weight": 300,
					"functions": [
						{
							"function": "enchant_with_levels",
							"levels": {
								"min": 18,
								"max": 28
							}
						}
					]
				},
				{
					"type": "item",
					"name": "minecraft:iron_boots",
					"weight": 300,
					"functions": [
						{
							"function": "enchant_with_levels",
							"levels": {
								"min": 24,
								"max": 50
							}
						}
					]
				},
				{
					"type": "item",
					"name": "minecraft:fireworks",
					"weight": 345,
					"functions": [
						{
							"function": "set_count",
							"count": {
								"min": 16,
								"max": 36
							}
						}
					]
				},
				{
					"type": "item",
					"name": "minecraft:bow",
					"weight": 335,
					"functions": [
						{
							"function": "enchant_with_levels",
							"levels": {
								"min": 23,
								"max": 29
							}
						}
					]
				},
				{
					"type": "item",
					"name": "minecraft:crossbow",
					"weight": 335,
					"functions": [
						{
							"function": "enchant_with_levels",
							"levels": {
								"min": 18,
								"max": 23
							}
						}
					]
				},
				{
					"type": "item",
					"name": "minecraft:trident",
					"weight": 335,
					"functions": [
						{
							"function": "enchant_with_levels",
							"levels": {
								"min": 23,
								"max": 29
							}
						}
					]
				},
				{
					"type": "item",
					"name": "minecraft:potion",
					"weight": 375,
					"functions": [
						{
							"function": "set_data",
							"data": {
								"min": 0,
								"max": 41
							}
						},
						{
							"function": "set_count",
							"count": 2
						}
					]
				},
				{
					"type": "item",
					"name": "minecraft:golden_carrot",
					"weight": 475,
					"functions": [
						{
							"function": "set_count",
							"count": {
								"min": 2,
								"max": 9
							}
						}
					]
				},
				{
					"type": "item",
					"name": "minecraft:hay_block",
					"weight": 440,
					"functions": [
						{
							"function": "set_count",
							"count": 8
						}
					]
				},
				{
					"type": "item",
					"name": "minecraft:splash_potion",
					"weight": 375,
					"functions": [
						{
							"function": "set_data",
							"data": {
								"min": 21,
								"max": 41
							}
						},
						{
							"function": "set_count",
							"count": 2
						}
					]
				}
			]
		}
	]
}