{
	"pools": [
		{
			"rolls": 2,
			"entries": [
				{
					"type": "item",
					"name": "minecraft:iron_block",
					"weight": 460,
					"functions": [
						{
							"function": "set_count",
							"count": {
								"min": 3,
								"max": 4
							}
						}
					]
				},
				{
					"type": "item",
					"name": "minecraft:arrow",
					"weight": 400,
					"functions": [
						{
							"function": "set_count",
							"count": {
								"min": 10,
								"max": 13
							}
						}
					]
				},
				{
					"type": "item",
					"name": "minecraft:tnt",
					"weight": 425,
					"functions": [
						{
							"function": "set_count",
							"count": {
								"min": 10,
								"max": 16
							}
						}
					]
				},
				{
					"type": "item",
					"name": "minecraft:golden_horse_armour",
					"weight": 345,
					"functions": [
						{
							"function": "set_count",
							"count": 1
						}
					]
				},
				{
					"type": "item",
					"name": "minecraft:golden_apple",
					"weight": 325,
					"functions": [
						{
							"function": "set_count",
							"count": {
								"min": 2,
								"max": 3
							}
						}
					]
				},
				{
					"type": "item",
					"weight": 220,
					"name": "minecraft:axolotl_bucket",
					"functions": [
						{
							"function": "set_count",
							"count": {
								"min": 1,
								"max": 3
							}
						}
					]
				},
                {
					"type": "item",
					"name": "minecraft:netherite_scrap",
					"weight": 215,
					"functions": [
						{
							"function": "set_count",
							"count": {
								"min": 1,
								"max": 2
							}
						}
					]
				},
                {
					"type": "item",
					"name": "minecraft:gold_ingot",
					"weight": 415,
					"functions": [
						{
							"function": "set_count",
							"count": {
								"min": 2,
								"max": 5
							}
						}
					]
				},
				{
					"type": "item",
					"name": "minecraft:obsidian",
					"weight": 225,
					"functions": [
						{
							"function": "set_count",
							"count": 10
						}
					]
				},
				{
					"type": "item",
					"name": "minecraft:enchanting_table",
					"weight": 330,
					"functions": [
						{
							"function": "set_count",
							"count": {
								"min": 1,
								"max": 2
							}
						}
					]
				},
				{
					"type": "item",
					"name": "minecraft:experience_bottle",
					"weight": 590,
					"functions": [
						{
							"function": "set_count",
							"count": {
								"min": 15,
								"max": 25
							}
						}
					]
				},
				{
					"type": "item",
					"name": "minecraft:diamond_ore",
					"weight": 120,
					"functions": [
						{
							"function": "set_count",
							"count": {
								"min": 1,
								"max": 2
							}
						}
					]
				},
				{
					"type": "item",
					"name": "minecraft:iron_sword",
					"weight": 380,
					"functions": [
						{
							"function": "enchant_with_levels",
							"levels": {
								"min": 22,
								"max": 26
                            }
						}
					]
				},
				{
					"type": "item",
					"name": "minecraft:iron_pickaxe",
					"weight": 380,
					"functions": [
						{
							"function": "enchant_with_levels",
							"levels": {
								"min": 22,
								"max": 26
							}
						}
					]
				},
				{
					"type": "item",
					"name": "minecraft:iron_axe",
					"weight": 380,
					"functions": [
						{
							"function": "enchant_with_levels",
							"levels": {
								"min": 22,
								"max": 26
							}
						}
					]
				},
				{
					"type": "item",
					"name": "minecraft:golden_shovel",
					"weight": 380,
					"functions": [
						{
							"function": "enchant_with_levels",
							"levels": {
								"min": 19,
								"max": 23
							}
						}
					]
				},
				{
					"type": "item",
					"name": "minecraft:fishing_rod",
					"weight": 370,
					"functions": [
						{
							"function": "enchant_with_levels",
							"levels": {
								"min": 19,
								"max": 23
							}
						}
					]
				},
				{
					"type": "item",
					"name": "minecraft:book",
					"weight": 375,
					"functions": [
						{
							"function": "set_count",
							"count": {
								"min": 6,
								"max": 10
							}
						},
						{
							"function": "enchant_book_for_trading"
						}
					]
				},
				{
					"type": "item",
					"name": "minecraft:golden_helmet",
					"weight": 370,
					"functions": [
						{
							"function": "enchant_with_levels",
							"levels": {
								"min": 20,
								"max": 40
							}
						}
					]
				},
				{
					"type": "item",
					"name": "minecraft:iron_chestplate",
					"weight": 370,
					"functions": [
						{
							"function": "enchant_with_levels",
							"levels": {
								"min": 22,
								"max": 38
							}
						}
					]
				},
				{
					"type": "item",
					"name": "minecraft:golden_leggings",
					"weight": 370,
					"functions": [
						{
							"function": "enchant_with_levels",
							"levels": {
								"min": 22,
								"max": 28
							}
						}
					]
				},
				{
					"type": "item",
					"name": "minecraft:iron_boots",
					"weight": 370,
					"functions": [
						{
							"function": "enchant_with_levels",
							"levels": {
								"min": 24,
								"max": 42
							}
						}
					]
				},
				{
					"type": "item",
					"name": "minecraft:fireworks",
					"weight": 295,
					"functions": [
						{
							"function": "set_count",
							"count": {
								"min": 13,
								"max": 29
							}
						}
					]
				},
				{
					"type": "item",
					"name": "minecraft:bow",
					"weight": 265,
					"functions": [
						{
							"function": "enchant_with_levels",
							"levels": {
								"min": 23,
								"max": 29
							}
						}
					]
				},
				{
					"type": "item",
					"name": "minecraft:crossbow",
					"weight": 245,
					"functions": [
						{
							"function": "enchant_with_levels",
							"levels": {
								"min": 10,
								"max": 19
							}
						}
					]
				},
				{
					"type": "item",
					"name": "minecraft:trident",
					"weight": 135,
					"functions": [
						{
							"function": "enchant_with_levels",
							"levels": {
								"min": 10,
								"max": 19
							}
						}
					]
				},
				{
					"type": "item",
					"name": "minecraft:potion",
					"weight": 375,
					"functions": [
						{
							"function": "set_data",
							"data": {
								"min": 0,
								"max": 41
							}
						},
						{
							"function": "set_count",
							"count": 2
						}
					]
				},
				{
					"type": "item",
					"name": "minecraft:golden_carrot",
					"weight": 475,
					"functions": [
						{
							"function": "set_count",
							"count": {
								"min": 2,
								"max": 5
							}
						}
					]
				},
				{
					"type": "item",
					"name": "minecraft:splash_potion",
					"weight": 375,
					"functions": [
						{
							"function": "set_data",
							"data": {
								"min": 0,
								"max": 41
							}
						},
						{
							"function": "set_count",
							"count": 1
						}
					]
				}
			]
		}
	]
}