{
	"pools": [
		{
			"rolls": 1,
			"entries": [
				{
					"type": "item",
					"name": "minecraft:iron_block",
					"weight": 550,
					"functions": [
						{
							"function": "set_count",
							"count": {
								"min": 3,
								"max": 6
							}
						}
					]
				},
				{
					"type": "item",
					"name": "minecraft:arrow",
					"weight": 400,
					"functions": [
						{
							"function": "set_count",
							"count": {
								"min": 10,
								"max": 13
							}
						}
					]
				},
				{
					"type": "item",
					"name": "minecraft:tnt",
					"weight": 425,
					"functions": [
						{
							"function": "set_count",
							"count": {
								"min": 10,
								"max": 16
							}
						}
					]
				},
				{
					"type": "item",
					"name": "minecraft:golden_horse_armour",
					"weight": 425,
					"functions": [
						{
							"function": "set_count",
							"count": 1
						}
					]
				},
				{
					"type": "item",
					"name": "minecraft:golden_apple",
					"weight": 325,
					"functions": [
						{
							"function": "set_count",
							"count": {
								"min": 2,
								"max": 3
							}
						}
					]
				},
				{
					"type": "item",
					"weight": 220,
					"name": "minecraft:axolotl_bucket",
					"functions": [
						{
							"function": "set_count",
							"count": {
								"min": 1,
								"max": 3
							}
						}
					]
				},
                {
					"type": "item",
					"name": "minecraft:gold_ingot",
					"weight": 325,
					"functions": [
						{
							"function": "set_count",
							"count": {
								"min": 8,
								"max": 15
							}
						}
					]
				},
				{
					"type": "item",
					"name": "minecraft:enchanting_table",
					"weight": 330,
					"functions": [
						{
							"function": "set_count",
							"count": {
								"min": 1,
								"max": 2
							}
						}
					]
				},
				{
					"type": "item",
					"name": "minecraft:experience_bottle",
					"weight": 730,
					"functions": [
						{
							"function": "set_count",
							"count": {
								"min": 15,
								"max": 25
							}
						}
					]
				},
				{
					"type": "item",
					"name": "minecraft:diamond_block",
					"weight": 80,
					"functions": [
						{
							"function": "set_count",
							"count": 2
						}
					]
				},
				{
					"type": "item",
					"name": "minecraft:diamond_sword",
					"weight": 290,
					"functions": [
						{
							"function": "enchant_with_levels",
							"levels": {
								"min": 12,
								"max": 20
                            }
						}
					]
				},
				{
					"type": "item",
					"name": "minecraft:diamond_pickaxe",
					"weight": 290,
					"functions": [
						{
							"function": "enchant_with_levels",
							"levels": {
								"min": 12,
								"max": 20
							}
						}
					]
				},
				{
					"type": "item",
					"name": "minecraft:diamond_axe",
					"weight": 290,
					"functions": [
						{
							"function": "enchant_with_levels",
							"levels": {
								"min": 12,
								"max": 20
							}
						}
					]
				},
				{
					"type": "item",
					"name": "minecraft:book",
					"weight": 375,
					"functions": [
						{
							"function": "set_count",
							"count": {
								"min": 6,
								"max": 10
							}
						},
						{
							"function": "enchant_book_for_trading"
						}
					]
				},
				{
					"type": "item",
					"name": "minecraft:diamond_helmet",
					"weight": 290,
					"functions": [
						{
							"function": "enchant_with_levels",
							"levels": {
								"min": 12,
								"max": 20
							}
						}
					]
				},
				{
					"type": "item",
					"name": "minecraft:diamond_chestplate",
					"weight": 270,
					"functions": [
						{
							"function": "enchant_with_levels",
							"levels": {
								"min": 12,
								"max": 20
							}
						}
					]
				},
				{
					"type": "item",
					"name": "minecraft:diamond_leggings",
					"weight": 290,
					"functions": [
						{
							"function": "enchant_with_levels",
							"levels": {
								"min": 12,
								"max": 20
							}
						}
					]
				},
				{
					"type": "item",
					"name": "minecraft:diamond_boots",
					"weight": 290,
					"functions": [
						{
							"function": "enchant_with_levels",
							"levels": {
								"min": 12,
								"max": 20
							}
						}
					]
				},
				{
					"type": "item",
					"name": "minecraft:fireworks",
					"weight": 250,
					"functions": [
						{
							"function": "set_count",
							"count": {
								"min": 13,
								"max": 29
							}
						}
					]
				},
				{
					"type": "item",
					"name": "minecraft:bow",
					"weight": 235,
					"functions": [
						{
							"function": "enchant_with_levels",
							"levels": {
								"min": 23,
								"max": 29
							}
						}
					]
				},
				{
					"type": "item",
					"name": "minecraft:crossbow",
					"weight": 135,
					"functions": [
						{
							"function": "enchant_with_levels",
							"levels": {
								"min": 10,
								"max": 19
							}
						}
					]
				},
				{
					"type": "item",
					"name": "minecraft:trident",
					"weight": 135,
					"functions": [
						{
							"function": "enchant_with_levels",
							"levels": 22
						}
					]
				},
				{
					"type": "item",
					"name": "minecraft:potion",
					"weight": 375,
					"functions": [
						{
							"function": "set_data",
							"data": {
								"min": 0,
								"max": 41
							}
						},
						{
							"function": "set_count",
							"count": {
								"min": 3,
								"max": 12
							}
						}
					]
				},
				{
					"type": "item",
					"name": "minecraft:emerald_block",
					"weight": 350,
					"functions": [
						{
							"function": "set_count",
							"count": 2
						}
					]
				},
				{
					"type": "item",
					"name": "minecraft:splash_potion",
					"weight": 375,
					"functions": [
						{
							"function": "set_data",
							"data": {
								"min": 0,
								"max": 41
							}
						},
						{
							"function": "set_count",
							"count": {
								"min": 2,
								"max": 3
							}
						}
					]
				}
			]
		}
	]
}