{
	"pools": [
		{
			"rolls": 2,
			"entries": [
				{
					"type": "item",
					"name": "minecraft:iron_block",
					"weight": 550,
					"functions": [
						{
							"function": "set_count",
							"count": {
								"min": 3,
								"max": 6
							}
						}
					]
				},
				{
					"type": "item",
					"name": "minecraft:melon_slice",
					"weight": 525,
					"functions": [
						{
							"function": "set_count",
							"count": {
								"min": 3,
								"max": 12
							}
						}
					]
				},
				{
					"type": "item",
					"name": "minecraft:arrow",
					"weight": 400,
					"functions": [
						{
							"function": "set_count",
							"count": {
								"min": 10,
								"max": 13
							}
						}
					]
				},
				{
					"type": "item",
					"name": "minecraft:tnt",
					"weight": 425,
					"functions": [
						{
							"function": "set_count",
							"count": {
								"min": 10,
								"max": 16
							}
						}
					]
				},
				{
					"type": "item",
					"name": "minecraft:warped_fungus_on_a_stick",
					"weight": 345,
					"functions": [
						{
							"function": "set_count",
							"count": {
								"min": 0,
								"max": 1
							}
						}
					]
				},
				{
					"type": "item",
					"name": "minecraft:golden_apple",
					"weight": 325,
					"functions": [
						{
							"function": "set_count",
							"count": 2
						}
					]
				},
				{
					"type": "item",
					"weight": 220,
					"name": "minecraft:axolotl_bucket",
					"functions": [
						{
							"function": "set_count",
							"count": {
								"min": 1,
								"max": 3
							}
						}
					]
				},
                {
					"type": "item",
					"name": "minecraft:goat_spawn_egg",
					"weight": 375,
					"functions": [
						{
							"function": "set_count",
							"count": {
								"min": 1,
								"max": 4
							}
						}
					]
				},
                {
					"type": "item",
					"name": "minecraft:amthyst_block",
					"weight": 375,
					"functions": [
						{
							"function": "set_count",
							"count": {
								"min": 4,
								"max": 10
							}
						}
					]
				},
				{
					"type": "item",
					"name": "minecraft:obsidian",
					"weight": 325,
					"functions": [
						{
							"function": "set_count",
							"count": 8
						}
					]
				},
				{
					"type": "item",
					"name": "minecraft:enchanting_table",
					"weight": 330,
					"functions": [
						{
							"function": "set_count",
							"count": {
								"min": 1,
								"max": 2
							}
						}
					]
				},
				{
					"type": "item",
					"name": "minecraft:experience_bottle",
					"weight": 530,
					"functions": [
						{
							"function": "set_count",
							"count": {
								"min": 15,
								"max": 25
							}
						}
					]
				},
				{
					"type": "item",
					"name": "minecraft:hay_block",
					"weight": 600,
					"functions": [
						{
							"function": "set_count",
							"count": {
								"min": 12,
								"max": 20
							}
						}
					]
				},
				{
					"type": "item",
					"name": "minecraft:iron_sword",
					"weight": 300,
					"functions": [
						{
							"function": "enchant_with_levels",
							"levels": {
								"min": 22,
								"max": 26
                            }
						}
					]
				},
				{
					"type": "item",
					"name": "minecraft:iron_pickaxe",
					"weight": 300,
					"functions": [
						{
							"function": "enchant_with_levels",
							"levels": {
								"min": 22,
								"max": 26
							}
						}
					]
				},
				{
					"type": "item",
					"name": "minecraft:iron_axe",
					"weight": 300,
					"functions": [
						{
							"function": "enchant_with_levels",
							"levels": {
								"min": 22,
								"max": 26
							}
						}
					]
				},
				{
					"type": "item",
					"name": "minecraft:iron_shovel",
					"weight": 300,
					"functions": [
						{
							"function": "enchant_with_levels",
							"levels": {
								"min": 19,
								"max": 23
							}
						}
					]
				},
				{
					"type": "item",
					"name": "minecraft:golden_hoe",
					"weight": 300,
					"functions": [
						{
							"function": "enchant_with_levels",
							"levels": {
								"min": 19,
								"max": 23
							}
						}
					]
				},
				{
					"type": "item",
					"name": "minecraft:book",
					"weight": 375,
					"functions": [
						{
							"function": "set_count",
							"count": {
								"min": 6,
								"max": 10
							}
						},
						{
							"function": "enchant_book_for_trading"
						}
					]
				},
				{
					"type": "item",
					"name": "minecraft:golden_helmet",
					"weight": 300,
					"functions": [
						{
							"function": "enchant_with_levels",
							"levels": {
								"min": 20,
								"max": 40
							}
						}
					]
				},
				{
					"type": "item",
					"name": "minecraft:golden_chestplate",
					"weight": 300,
					"functions": [
						{
							"function": "enchant_with_levels",
							"levels": {
								"min": 22,
								"max": 38
							}
						}
					]
				},
				{
					"type": "item",
					"name": "minecraft:golden_leggings",
					"weight": 300,
					"functions": [
						{
							"function": "enchant_with_levels",
							"levels": {
								"min": 22,
								"max": 28
							}
						}
					]
				},
				{
					"type": "item",
					"name": "minecraft:iron_boots",
					"weight": 300,
					"functions": [
						{
							"function": "enchant_with_levels",
							"levels": {
								"min": 24,
								"max": 42
							}
						}
					]
				},
				{
					"type": "item",
					"name": "minecraft:fireworks",
					"weight": 295,
					"functions": [
						{
							"function": "set_count",
							"count": {
								"min": 13,
								"max": 29
							}
						}
					]
				},
				{
					"type": "item",
					"name": "minecraft:bow",
					"weight": 235,
					"functions": [
						{
							"function": "enchant_with_levels",
							"levels": {
								"min": 23,
								"max": 29
							}
						}
					]
				},
				{
					"type": "item",
					"name": "minecraft:turtle_helmet",
					"weight": 240,
					"functions": [
						{
							"function": "enchant_with_levels",
							"levels": {
								"min": 20,
								"max": 40
							}
						}
					]
				},
				{
					"type": "item",
					"name": "minecraft:potion",
					"weight": 375,
					"functions": [
						{
							"function": "set_data",
							"data": {
								"min": 0,
								"max": 41
							}
						},
						{
							"function": "set_count",
							"count": 2
						}
					]
				},
				{
					"type": "item",
					"name": "minecraft:golden_carrot",
					"weight": 475,
					"functions": [
						{
							"function": "set_count",
							"count": 3
						}
					]
				},
				{
					"type": "item",
					"name": "minecraft:splash_potion",
					"weight": 375,
					"functions": [
						{
							"function": "set_data",
							"data": {
								"min": 0,
								"max": 41
							}
						},
						{
							"function": "set_count",
							"count": 2
						}
					]
				}
			]
		}
	]
}